City,State,Original_Portal,Portal_URL,Software,TotalDatasetsAvailable,NotesDatasetsAvailable,CountVettedPublicLibData,TypePLDataAvailable,LibraryDataCategories,ProportionPublicLibData,DateLibDataLastUpdated,Notes,OpenDataCensusScores,StateAbbr,LibID,LibName,Locale,ServiceAreaPop,UnduplicatedPop,CentralLibs,BranchLibs,Bookmobiles,MLSLibStaff,LibStaff,OtherStaff,TotalStaff,LocalRevenue,StateRevenue,FederalRevenue,OtherRevenue,TotalRevenue,Salaries,Benefits,TotalStaffExpenditures,PrintExpenditures,ElectronicExpenditures,OtherCollectionExpenditures,TotalCollectionExpenditures,OtherExpenditures,TotalExpenditures,LocalCapitalRevenue,StateCapitalRevenue,FederalCapitalRevenue,OtherCapitalRevenue,TotalCapitalRevenue,CapitalExpenditures,PrintMaterials,EBooks,AudioMaterials,AudioDownloads,VideoMaterials,VideoDownloads,LocalDatabases,StateDatabases,TotalDatabases,PrintSerials,Hours,Visits,References,Users,TotalCirculation,KidsCirculation,ElectronicCirculation,PhysicalItemCirculation,ElectronicInfoRetrievals,ElectronicContentUses,TotalCirculationAndRetrievals,LoansTo,LoansFrom,TotalPrograms,KidsPrograms,YAPrograms,ProgramAudience,KidsProgramAudience,YAProgramAudience,Computers,ComputerUses,WiFiSessions,Year,StartDate,EndDate,ReportingStatus,BEARegion,InterlibraryRelationship,MailingCity,MailingZip,County,CountyPop,MetroMicroArea,ESRIMatchStatus,GeographicCode,GeocodeScore,Longitude
Anaheim,California,http://anaheim.opendata.junar.com/home,http://main-anaheim.opendata.arcgis.com/,ArcGIS ,4,,0,,,0,,,,CA,M603,ANAHEIM PUBLIC LIBRARY,11,358136,358136,1,7,1,19.42,20.42,51.77,72.19,8625020,36436,241034,342866,9245356,3947852,2220377,6168229,390734,104294,79196,574224,2449951,9192404,57612,0,0,0,57612,0,480161,4416,9980,792,38706,0,20,0,20,656,15461,1098146,89892,217661,1169829,707524,41718,1128111,6965,48683,1176794,3973,12,3924,3265,314,99186,83883,7362,227,150712,-1,2017,7/1/2015,6/30/2016,1,8,ME,ANAHEIM,92805,ORANGE,3172532,0,E,CI1,100,"(33.831962, -117.918992)"
Anchorage,Alaska,https://data.muni.org/,https://data.muni.org/,Socrata,60,,0,,,0,,,1430,AK,AK0002-011,ANCHORAGE PUBLIC LIBRARY,11,299037,296338,1,4,0,18.7,25.7,52.5,78.2,11861783,51592,192990,209834,12316199,4198468,2630020,6828488,564411,290209,31891,886511,4472393,12187392,0,15000000,0,0,15000000,5000000,367652,13694,37639,47992,66509,0,14,42,56,727,10608,860751,67785,100065,1831505,531712,137015,1688900,214404,351419,2040319,2971,2619,1898,971,426,55767,39438,4955,162,130431,22549,2017,1/1/2015,12/31/2015,1,8,NO,ANCHORAGE,99503,ANCHORAGE,298192,0,E,MA1,100,"(61.187512, -149.876735)"
Arlington,Texas,http://www.arlington-tx.gov/data/,http://data-arlingtontx.opendata.arcgis.com/,ArcGIS ,38,,1,location ,geospatial,0.02631578947,11.27.2018,,,TX,16,ARLINGTON PUBLIC LIBRARY SYSTEM,11,388125,387235,1,6,0,19.98,24.98,78.1,103.08,7275608,0,170072,365332,7811012,3819295,1215866,5035161,527886,307206,144492,979584,1763031,7777776,0,0,0,23295,23295,23295,483432,20389,37401,11473,36826,0,19,61,80,362,20462,1253333,101888,172525,2292266,942754,226365,2065901,-1,226365,2292266,53964,29417,3773,1636,332,76417,51896,4837,250,256566,0,2017,10/1/2015,9/30/2016,2,6,ME,ARLINGTON,76004,TARRANT,2016872,0,E,CI1,100,"(32.738349, -97.114584)"
Aurora,Colorado,https://apps2.auroragov.org/opendata/,http://data-auroraco.opendata.arcgis.com/,ArcGIS ,103,,0,,,0,,,,CO,FSCS0007,AURORA PUBLIC LIBRARY,11,357340,353335,1,5,0,12,12,56.3,68.3,5703300,83257,0,351542,6138099,2929592,893705,3823297,740585,243411,28973,1012969,835425,5671691,0,0,0,0,0,0,220288,94303,17688,29497,17070,10948,37,0,37,215,19040,1161139,184662,165007,1092078,332289,179773,912305,26747,206520,1118825,1083,989,1789,1257,148,111075,44919,2151,274,385456,-1,2017,1/1/2016,12/31/2016,1,7,ME,AURORA,80012,ARAPAHOE,637068,0,E,CI1,100,"(39.710064, -104.815473)"
Bakersfield,California,http://www.bakersfieldcity.us/gov/depts/community_development/planning/planning_services/mapping_n_gis.htm,http://www.bakersfieldcity.us/gov/depts/community_development/planning/planning_services/mapping_n_gis.htm,ArcGIS ,30,map layers,0,Shapefiles (layers),geospatial,0,11.01.2018,"Two different data ""portals"" which are difficult to compare to traditional data portals like Socrata https://bakersfieldcity.us/gov/depts/geographic_information_services/data_download.htm and http://bakersfielddatalibrary-cob.opendata.arcgis.com/ ",,CA,M647,KERN COUNTY LIBRARY,11,886507,886507,1,23,3,11,12,72.2,84.2,6966804,0,89000,535067,7590871,3452395,2126607,5579002,458117,110652,11908,580677,1431192,7590871,0,0,0,0,0,0,787002,83671,36534,2409,24344,0,25,0,25,278,37544,890526,122779,148509,957813,458646,101122,856691,10201,111323,968014,124040,73523,3844,2810,353,68496,56143,3308,252,195351,-1,2017,7/1/2015,6/30/2016,1,8,ME,BAKERSFIELD,93301,KERN,884788,0,E,CO1,100,"(35.373214, -119.00943)"
Baltimore,Maryland,https://data.baltimorecity.gov/,https://data.baltimorecity.gov/,Socrata,104,restricted to type: Datasets,1,location ,geospatial,0.009615384615,02.05.2017,"Searches restricted to view type ""Datasets""",520,MD,MD0003,ENOCH PRATT FREE LIBRARY,11,622104,622104,1,21,2,97,120,280,400,15914600,8266100,194260,17073940,41448900,19784777,7225684,27010461,1209375,1618255,280061,3107691,10896029,41014181,5619219,0,0,0,5619219,1676700,1974698,48969,62723,29074,58289,0,60,9,69,2307,41291,1697153,2025590,293908,1194530,382234,99660,1094870,910486,1010146,2105016,42406,33890,8571,4595,1258,149738,92370,14991,914,315963,762358,2017,7/1/2015,6/30/2016,1,2,NO,BALTIMORE,21201,BALTIMORE CITY,614664,0,E,CI2,100,"(39.294539, -76.616867)"
Baton Rouge,Louisiana,https://data.brla.gov/,https://data.brla.gov/,Socrata,37,restricted to type: Datasets,1,location,geospatial,0.02702702703,12.02.2018,"Searches restricted to view type ""Datasets"". This is a dataset with all City-Parish facilities and includes public library locations. It is not specific to libraries.",1425,LA,FSCS4016,EAST BATON ROUGE PARISH,12,447037,444945,1,13,3,111.5,324,78.25,402.25,34901930,0,0,335608,35237538,14556295,7163112,21719407,2281214,2594465,764463,5640142,11563027,38922576,8950940,0,0,0,8950940,19571725,1667004,103425,64550,28959,161435,5516,112,51,163,2770,48464,2455899,861525,294505,2729254,573653,478835,2250419,1356091,1834926,4085345,7623,2294,22608,7492,3595,457177,84561,55243,723,675939,753583,2017,1/1/2016,12/31/2016,1,5,NO,BATON ROUGE,70806,EAST BATON ROUGE,447037,0,E,CO1,100,"(30.442467, -91.106342)"
Berkeley,California,http://www.ci.berkeley.ca.us/ContentDisplay.aspx?id=105239,http://www.ci.berkeley.ca.us/ContentDisplay.aspx?id=105239,Socrata,25,,0,,,0,,,,CA,M607,BERKELEY PUBLIC LIBRARY,12,119915,119915,1,4,0,32.3,32.3,80.7,113,17286659,59167,0,372823,17718649,7806034,5238162,13044196,735393,364107,202886,1302386,1992211,16338793,0,0,0,3410,3410,2500,453127,234494,45212,319918,30644,0,5,0,5,360,13624,1350858,235720,115376,2043562,422489,203580,1839982,20923,224503,2064485,93787,92582,3176,1341,522,82963,44829,14708,134,169571,84758,2017,7/1/2015,6/30/2016,1,8,ME,BERKELEY,94704,ALAMEDA,1647704,0,E,CI1,100,"(37.868364, -122.268567)"
Boston,Massachusetts,https://data.boston.gov/,https://data.boston.gov/,CKAN,142,,3,"location, electricity usage, user counts","geospatial,utilities,patrons",0.02112676056,,,1390,MA,BOSTON,BOSTON PUBLIC LIBRARY,11,645966,641332,1,25,0,141.38,147.33,271.15,418.48,34092573,1099688,0,6228077,41420338,24203667,318437,24522104,2251559,1723799,371996,4347354,13154857,42024315,36380081,0,0,0,36380081,1485354,7997591,95927,35220,32343,68272,224,190,60,250,2107,52476,3540693,517313,149106,4792249,1431117,1185055,3598539,371019,1556074,5154613,11642,7626,15745,8764,1156,228959,141438,8764,585,572000,454163,2017,7/1/2015,6/30/2016,2,1,ME,BOSTON,2116,SUFFOLK,784230,0,E,CI1,100,"(42.349528, -71.079283)"
Buffalo,New York,https://data.ny.gov/,https://data.buffalony.gov/,Socrata,616,restricted to type: Datasets,0,,,0,,"Searches restricted to view type ""Datasets"".",,NY,800000000,BUFFALO AND ERIE COUNTY PUBLIC LIBRARY,11,919040,911925,1,8,1,45.14,57.39,168.11,225.5,24414277,3275342,64909,1126711,28881239,8709396,4453214,13162610,381489,338476,226998,946963,12675415,26784988,0,0,0,207686,207686,304621,1920444,44784,103946,8900,81042,99,46,10,56,866,19759,937611,180936,78694,3002670,520715,552201,2450469,518059,1070260,3520729,1616,4639,2443,717,131,55701,12403,2442,385,356167,474652,2017,1/1/2016,12/31/2016,1,2,HQ,BUFFALO,14203,ERIE,921046,0,E,CO1,100,"(42.885366, -78.873364)"
Chandler,Arizona,https://www.chandlerpd.com/data/,https://www.chandlerpd.com/data/,Unknown,9,only police dept data,0,,,0,,,,AZ,AE-CHANDLER,CHANDLER PUBLIC LIBRARY,21,250547,158811,1,3,0,21,23,52.5,75.5,5913516,12356,3000,180000,6108872,3214349,1739226,4953575,124441,405523,76333,606297,549000,6108872,125000,0,0,0,125000,52084,322273,506182,18991,1696,20738,0,20,33,53,1209,12174,1042805,212694,261523,1843381,931454,198078,1645303,445402,643480,2288783,60,47,5116,2197,1099,145149,87644,34141,284,226621,4599570,2017,7/1/2015,6/30/2016,1,6,NO,CHANDLER,85244,MARICOPA,4242997,0,E,CI2,100,"(33.302638, -111.837526)"
Charlotte,North Carolina,http://clt-charlotte.opendata.arcgis.com/,http://data.charlottenc.gov/,ArcGIS ,138,,2,location (Spatial dataset),geospatial,0.01449275362,11.28.2018,,790,NC,C-MECKLENBURG,CHARLOTTE MECKLENBURG LIBRARY,11,1035605,1034221,1,19,0,121,122,294.38,416.38,34674473,606135,122424,2995019,38398051,18725792,6839184,25564976,2107567,977447,370909,3455923,9411711,38432610,2226202,0,0,0,2226202,2226202,900249,54762,54813,13864,32146,650,24,74,98,1865,62576,3391653,1181215,929722,6307027,2823442,883089,5423938,1820141,2703230,8127168,3786,2392,24985,17385,3989,388417,305758,47293,912,758670,602421,2017,7/1/2015,6/30/2016,1,5,NO,CHARLOTTE,28202,MECKLENBURG,1054835,0,E,CO1,100,"(35.228967, -80.840485)"
Chicago,Illinois,https://data.cityofchicago.org/,https://data.cityofchicago.org/,Socrata,452,restricted to type: Datasets,55,"locations, circulation, popular titles, computer sessions, FOIA requests, visitors, holds, wi-fi usage, summer reading program","geospatial,catalogandcirculation,technologyofferings,publicrecords,patrons,utilities,eventscalendar",0.1216814159,12.27.2018,"Searches restricted to view type ""Datasets"".",1655,IL,30108,CHICAGO PUBLIC LIBRARY,11,2695598,2711217,1,76,0,288.06,288.06,503.44,791.5,74299810,7302094,1756411,2168875,85527190,60123787,25095669,85219456,7500000,0,0,7500000,19604789,112324245,9044804,2980310,0,0,12025114,12025114,5451914,46195,263711,15479,187431,354,69,13,82,7880,199784,9438150,65245,1120929,10181253,3793890,913253,9268048,-1,-1,-1,7821,5598,11961,8714,3247,150215,132701,17514,2508,2586291,3616930,2017,1/1/2015,12/31/2015,2,3,ME,CHICAGO,60605,COOK,5203499,0,E,CI1,100,"(41.876843, -87.627682)"
Chula Vista,California,http://www.chulavistaca.gov/departments/police-department/about-us/open-data-initiative,https://chulavista-cvgis.opendata.arcgis.com/,ArcGIS ,45,,0,,,0,,,,CA,M619,CHULA VISTA PUBLIC LIBRARY,21,265070,265070,1,2,0,14.7,16.2,24.2,40.4,3112098,28859,0,568381,3709338,2147947,1015085,3163032,71910,62780,16183,150873,193762,3507667,0,0,0,1328712,1328712,170313,266956,7190,20523,529,20523,0,10,0,10,139,8502,857475,118534,103476,710796,320796,37486,673310,6097,43583,716893,0,0,1762,1285,166,50699,36463,1180,110,111352,55808,2017,7/1/2015,6/30/2016,1,8,ME,CHULA VISTA,91910,SAN DIEGO,3317749,0,E,CI1,100,"(32.640544, -117.082607)"
Cincinnati,Ohio,https://data.cincinnati-oh.gov/,https://data.cincinnati-oh.gov/,Socrata,83,restricted to type: Datasets,0,,,0,,,600,OH,149C,"CINCINNATI AND HAMILTON COUNTY, PL OF",11,802374,802374,1,40,0,188.5,188.5,456.6,645.1,16300929,38149422,0,4612589,59062940,26386773,8255077,34641850,3397942,3994426,1720105,9112473,11416455,55170778,0,0,0,0,0,628953,4936677,5889477,362864,383338,532412,41477,116,73,189,6584,106794,6176664,1765608,531528,21226498,5380880,3504928,17721570,3843790,7348718,25070288,80607,79896,17468,11291,1883,417016,308778,26585,856,1530275,599805,2017,1/1/2016,12/31/2016,1,3,NO,CINCINNATI,45202,HAMILTON,809099,0,E,CO1,100,"(39.105228, -84.513948)"
Columbus,Ohio,http://data-columbus.opendata.arcgis.com/,http://data-columbus.opendata.arcgis.com/,ArcGIS ,79,,0,,,0,,"Only dataset related to libraries is called ""Public Places""",140,OH,157C,COLUMBUS METROPOLITAN LIBRARY,11,850548,850548,1,23,2,115,115,573,688,46034928,21011765,0,7273437,74320130,29231892,7676496,36908388,4375177,2067529,1332680,7775386,16209221,60892995,0,0,0,11442997,11442997,51139613,1322171,181830,93276,379863,60617,29830,65,73,138,3241,76874,5317000,1486992,627380,16094874,6401556,1628990,14465884,2430127,4059117,18525001,436127,1058220,7960,5814,1674,200785,168662,20451,1141,1521379,285616,2017,1/1/2016,12/31/2016,1,3,NO,COLUMBUS,43215,FRANKLIN,1264518,0,E,CO1,100,"(39.960837, -82.990546)"
Denver,Colorado,https://www.denvergov.org/opendata,https://www.denvergov.org/opendata,CKAN,229,,1,"location, door count, circulation, square footage","geospatial,patrons,catalogandcirculation,facilities",0.004366812227,01.11.2018,,815,CO,FSCS0034,DENVER PUBLIC LIBRARY,11,683096,675440,1,25,2,168.23,168.23,477.8,646.03,43323893,155698,0,2414153,45893744,25901697,9015456,34917153,2295157,1504202,1623018,5422377,5157251,45496781,1647399,0,0,0,1647399,1647399,1415905,67723,114128,34515,191687,1050,81,0,81,3354,66064,4259373,495391,473293,9323082,1797766,1079491,8243591,941648,2021139,10264730,50089,65718,23219,16051,1241,431776,341467,14003,956,799455,-1,2017,1/1/2016,12/31/2016,1,7,ME,DENVER,80204,DENVER,693060,0,E,CI1,100,"(39.738365, -104.987879)"
Detroit,Michigan,https://data.detroitmi.gov/,https://data.detroitmi.gov/,Socrata,85,restricted to type: Datasets,0,,,0,,"Searches restricted to view type ""Datasets"".",515,MI,MI0083-002,DETROIT PUBLIC LIBRARY,11,713777,712793,1,20,1,78,78,210,288,31453004,4325391,0,799569,36577964,11993148,6786795,18779943,499000,222102,686255,1407357,9118246,29305546,0,0,0,0,0,0,4083856,6517,129057,5639,174763,2678,31,0,31,1400,38400,2212482,653961,365888,1102902,343442,29531,1073371,0,29531,1102902,1400,120,13259,5210,1288,170515,88761,18469,716,531733,101082,2017,7/1/2015,6/30/2016,1,3,ME,DETROIT,48202,WAYNE,1749366,0,E,CI1,100,"(42.358871, -83.065679)"
Durham,North Carolina,https://opendurham.nc.gov/page/home/,http://gis-durhamnc.opendata.arcgis.com/,ArcGIS ,163,,23,"location, door counts, programs, program attendance, collections, Spanish Language Use, meetings, meeting attendance, technology use, borrower data","geospatial,patrons,eventscalendar,catalogandcirculation,technologyofferings",0.1411042945,12.20.2018,,640,NC,C-DURHAM,DURHAM COUNTY LIBRARY,11,297219,296822,1,6,0,50.77,50.77,78.03,128.8,11122872,234962,80557,14783,11453174,5688675,1882094,7570769,997810,386760,233447,1618017,1382673,10571459,255292,0,0,0,255292,513064,574034,38955,47072,5188,49404,0,13,74,87,490,19018,1106403,178152,216429,2881590,1358304,197387,2684203,221288,418675,3102878,1141,2524,6386,3216,1288,120036,92499,10946,236,320315,-1,2017,7/1/2015,6/30/2016,1,5,NO,DURHAM,27702,DURHAM,306212,0,E,CO2,100,"(35.994952, -78.897322)"
Fort Wayne,Indiana,http://maps.cityoffortwayne.org/,http://maps.cityoffortwayne.org/,ArcGIS ,51,map layers,0,,,0,,,,IN,3021,ALLEN COUNTY PUBLIC LIBRARY,11,355329,349161,1,13,0,71.25,93.65,202.3,295.95,22890586,1698824,0,2480408,27069818,11583481,5415640,16999121,2761154,567983,344467,3673604,5204192,25876917,0,0,0,0,0,0,3048427,220412,135970,14920,163633,11569,822,75,897,5566,41028,2512375,383316,304839,13311490,1397063,8640543,4670947,4681,8645224,13316171,9313,1797,6244,4566,998,181456,138010,23727,507,470269,1642006,2017,1/1/2016,12/31/2016,1,3,ME,FORT WAYNE,46801,ALLEN,370404,0,E,CO1,92.08,"(41.077736, -85.142559)"
Fort Worth,Texas,https://data.fortworthtexas.gov/,https://data.fortworthtexas.gov/,Socrata,10,restricted to type: Datasets,0,,,0,,,,TX,143,FORT WORTH LIBRARY,11,833319,831408,1,15,0,48,48,154.6,202.6,20170707,0,0,71870,20242577,9224397,4112536,13336933,1175158,888175,865161,2928494,4419228,20684655,654900,0,0,0,654900,654900,801740,38068,83795,16033,147104,2166,21,61,82,1798,33146,1637911,1022684,503884,3872685,1549842,465416,3407269,-1,465416,3872685,106592,123568,4923,3459,279,86611,65580,1804,487,257351,0,2017,10/1/2015,9/30/2016,1,6,ME,FORT WORTH,76102,TARRANT,2016872,0,E,CI1,100,"(32.753605, -97.334775)"
Fremont,California,https://fremont.gov/2082/Open-Data,https://fremont.gov/2082/Open-Data,ArcGIS ,15,,0,,,0,,,,CA,M597,ALAMEDA COUNTY LIBRARY,21,573072,573072,1,9,1,40,46,157,203,23880023,164404,6853,4889728,28941008,10805079,5961440,16766519,2597351,863674,545671,4006696,8787075,29560290,0,0,0,0,0,400157,919123,126410,51518,16717,110283,0,68,0,68,1462,18384,2500281,315044,386891,6148553,3555243,343937,5804616,242301,586238,6390854,23150,27558,8975,4913,2066,200999,154746,16521,353,299457,-1,2017,7/1/2015,6/30/2016,1,8,ME,FREMONT,94538,ALAMEDA,1647704,0,E,CO2,100,"(37.551765, -121.971834)"
Glendale,Arizona,http://data-cog-gis.opendata.arcgis.com/,http://data-cog-gis.opendata.arcgis.com/,ArcGIS ,25,,1,location,geospatial,0.04,09.18.2012,,680,AZ,AE-GLENDALE,GLENDALE PUBLIC LIBRARY,21,237723,150683,1,2,0,18.95,18.95,35.85,54.8,4409811,11527,133478,1479,4556295,2465573,816818,3282391,417284,126358,235501,779143,684732,4746266,0,0,0,0,0,0,366159,370913,26596,387409,37685,18356,9,33,42,539,5758,595780,119046,134141,1595137,695794,159776,1435361,592405,752181,2187542,3380,1183,1701,827,193,55472,36793,4615,167,126113,-1,2017,7/1/2015,6/30/2016,1,6,NO,GLENDALE,85302,MARICOPA,4242997,0,E,CI1,100,"(33.578233, -112.187299)"
Greensboro,North Carolina,https://data.greensboro-nc.gov/,https://data.greensboro-nc.gov/,Socrata,14,restricted to type: Datasets,0,,,0,,,,NC,C-GUILFORD,GREENSBORO PUBLIC LIBRARY,11,407375,406830,1,7,0,27,27,69,96,8133420,383054,0,206425,8722899,4054304,1455096,5509400,519496,266302,245509,1031307,1511513,8052220,0,0,0,0,0,0,524818,98761,21271,25186,55550,537,14,74,88,687,28517,2761627,339183,264670,1751226,722573,299251,1455944,365169,664420,2120364,692,463,4210,2343,432,92116,74109,5121,293,395623,-1,2017,7/1/2015,6/30/2016,1,5,NO,GREENSBORO,27402,GUILFORD,521330,0,E,CO2,100,"(36.074139, -79.786714)"
Henderson,Nevada,https://opendata.cityofhenderson.com/,https://opendata.cityofhenderson.com/,Socrata,14,restricted to type: Datasets,0,,,0,,,,NV,NV0012,HENDERSON DISTRICT PUBLIC LIBRARIES,11,287828,287828,1,3,0,28,28,46.5,74.5,4876936,2197314,37300,453149,7564699,3599075,1384304,4983379,516644,243557,111003,871204,1417415,7271998,0,0,0,0,0,184700,332594,13852,18164,35220,32649,10771,30,47,77,164,7704,589632,166585,91018,1677834,745414,215987,1461847,232321,448308,1910155,567,830,1995,896,150,41339,28308,1378,139,169075,75273,2017,7/1/2015,6/30/2016,1,8,NO,HENDERSON,89012,CLARK,2155664,0,E,OTH,100,"(36.018433, -115.082894)"
Honolulu,Hawaii,https://data.honolulu.gov/,https://data.honolulu.gov/,Socrata,36,restricted to type: Datasets,0,,,0,,,35,HI,FSCS0001,HAWAII STATE PUBLIC LIBRARY SYSTEM,11,1431603,1431603,1,49,2,154,156,393.5,549.5,0,32432253,1151422,2108558,35692233,24028303,227578,24255881,2655609,1079092,94230,3828931,6763134,34847946,0,11050000,0,0,11050000,1902333,2967198,58452,209527,22101,168400,0,0,107,107,2726,95597,4490320,552158,997885,6281855,2568785,574281,5707574,5756218,6330499,12038073,262,47,10772,8053,1345,286319,212831,40034,562,845485,555812,2017,7/1/2015,6/30/2016,1,8,ME,HONOLULU,96813,HONOLULU,992605,0,E,OTH,100,"(21.309821, -157.863366)"
Indianapolis,Indiana,http://data.indy.gov/,http://data.indy.gov/,ArcGIS ,229,,0,,,0,,,,IN,8492,INDIANAPOLIS-MARION COUNTY PUBLIC LIBRARY,11,877389,862160,1,23,7,134.25,134.25,297.73,431.98,33984896,3013764,645817,2981466,40625943,16386487,6551168,22937655,2685607,3006029,1115164,6806800,11063816,40808271,11697781,891320,0,10676865,23265966,18313058,1351617,183155,144705,55872,143405,2125,74,75,149,3262,75750,3833152,269433,467887,14635388,4819890,1373371,13262017,984347,2357718,15619735,5887,2677,12008,7497,256,577244,444496,4952,647,862690,2998175,2017,1/1/2016,12/31/2016,1,3,ME,INDIANAPOLIS,46206,MARION,941229,0,E,OTH,92.08,"(39.801629, -86.156801)"
Jersey City,New Jersey,http://data.jerseycitynj.gov/,http://data.jerseycitynj.gov/,OpenDataSoft,338,,0,,,0,,One dataset that is a map of libraries and schools.,435,NJ,JERSEY CITY,JERSEY CITY FREE PUBLIC LIBRARY,11,247597,229347,1,9,1,19.25,19.25,66.5,85.75,8800000,107724,0,130717,9038441,5177056,2370830,7547886,513413,41754,45818,600985,1727841,9876712,0,0,0,0,0,0,526608,155532,11067,319736,25672,12672,6,22,28,11686,25175,299844,22000,211855,365858,262991,19812,346046,2718,22530,368576,92,104,2562,1394,437,43238,27686,2963,185,125785,21580,2017,1/1/2016,12/31/2016,1,2,ME,JERSEY CITY,7302,HUDSON,677983,0,E,CI1,100,"(40.718975, -74.047543)"
Kansas City,Kansas,http://yourdata.wycokck.org/,http://yourdata.wycokck.org/,ArcGIS ,58,,0,,,0,,,,KS,KS0161,"KANSAS CITY, KANSAS PUBLIC LIBRARY",12,155763,155763,0,5,3,25,25,102.48,127.48,7522689,48355,0,2351071,9922115,5185123,1226691,6411814,575841,315000,232840,1123681,3675542,11211037,0,0,0,0,0,0,334905,163925,40282,39992,68986,4691,80,64,144,400,17472,675460,104000,89362,849576,295653,10923,838653,177099,188022,1026675,4587,4252,3624,1657,423,47344,27369,4684,187,147817,-1,2017,1/1/2016,12/31/2016,1,4,ME,KANSAS CITY,66101,WYANDOTTE,163831,0,E,CI1,100,"(39.115503, -94.625151)"
Kansas City,Missouri,https://data.kcmo.org/,https://data.kcmo.org/,Socrata,210,restricted to type: Datasets,0,,,0,,"Searches restricted to view type ""Datasets"".",1290,MO,MO0014,KANSAS CITY PUBLIC LIBRARY,11,218765,218765,1,9,0,35.9,54.9,125.66,180.56,16247980,78914,777534,2304838,19409266,8849830,2311257,11161087,1128006,705157,254757,2087920,7236947,20485954,0,0,0,0,0,0,610820,148991,53755,44566,62120,12033,99,12,111,1071,29416,2068333,316148,265349,2146034,582214,618381,1527653,63277,681658,2209311,8421,2757,5053,2215,1152,167696,75441,26535,360,776146,153714,2017,7/1/2015,6/30/2016,1,4,ME,KANSAS CITY,64105,JACKSON,691801,0,E,MA2,100,"(39.103109, -94.584127)"
Las Vegas,Nevada,https://opendata.lasvegasnevada.gov/,https://opendata.lasvegasnevada.gov/,Socrata,108,restricted to type: Datasets,0,,,0,,,1830,NV,NV0008,LAS VEGAS-CLARK COUNTY LIBRARY DISTRICT,21,1579317,1579317,0,25,0,97,97,368.65,465.65,37865551,20185958,898126,5295263,64244898,26114814,9530751,35645565,3091000,2807790,1985514,7884304,10335669,53865538,0,0,0,0,0,1899797,2246053,109257,222112,306673,463597,28757,115,47,162,4297,62868,6242633,814619,665892,14162393,4634749,1477613,12684780,984384,2461997,15146777,5940,2469,20305,9232,1054,606658,310683,24214,550,1969016,1061794,2017,7/1/2015,6/30/2016,1,8,NO,LAS VEGAS,89113,CLARK,2155664,0,E,OTH,100,"(36.041188, -115.246112)"
Lexington,Kentucky,https://data.lexingtonky.gov/,https://data.lexingtonky.gov/,CKAN,98,,1,location,geospatial,0.01020408163,06.30.2017,map layer only,255,KY,FAYETTE,LEXINGTON PUBLIC LIBRARY,11,314488,312370,1,5,0,45,45,141,186,14634159,226479,7007,957599,15825244,6603976,2162637,8766613,969550,524949,503622,1998121,2531171,13295905,0,0,0,3280525,3280525,4646283,439946,21160,44983,5444,50447,0,9,50,59,763,20748,1880524,626692,235737,2964292,919935,273417,2690875,257231,530648,3221523,1990,3767,4017,2283,215,88811,52421,2281,272,368770,914931,2017,7/1/2015,6/30/2016,1,5,NO,LEXINGTON,40507,FAYETTE,318449,0,E,CO1,100,"(38.045369, -84.495992)"
Lincoln,Nebraska,http://opendata.lincoln.ne.gov/,http://opendata.lincoln.ne.gov/,ArcGIS ,197,,0,,,0,,,385,NE,NE0126,LINCOLN CITY LIBRARIES,11,306468,306468,1,7,1,22.25,32.5,95.25,127.75,8945911,99441,0,775237,9820589,4796168,1849454,6645622,785183,376962,305716,1467861,1885976,9999459,188100,0,0,0,188100,72507,712233,26908,49330,22261,53484,5339,21,25,46,688,24440,1225432,278548,240589,3094290,1501649,250352,2843938,244379,494731,3338669,1536,2286,2945,2310,306,96601,87780,5202,138,214210,149500,2017,9/1/2015,8/31/2016,1,4,ME,LINCOLN,68508,LANCASTER,309637,0,E,CI1,100,"(40.812811, -96.701075)"
Long Beach,California,http://www.longbeach.gov/openlb/,http://datalb.longbeach.gov/,ArcGIS ,97,,2,"location, funded projects","geospatial,financial",0.0206185567,01.10.2018,map layers,290,CA,M657,LONG BEACH PUBLIC LIBRARY,11,484958,484958,1,11,0,40.74,40.74,80.6,121.34,12894683,0,0,973321,13868004,5710497,2880769,8591266,1270637,318840,80264,1669741,5084735,15345742,52663,0,0,0,52663,0,708556,10464,28195,3758,27215,0,24,0,24,761,21628,1262490,324049,263672,1233309,573943,132826,1100483,-1,132826,1233309,489,57,3373,2368,40,67745,59429,1569,227,218717,71951,2017,7/1/2015,6/30/2016,1,8,ME,LONG BEACH,90822,LOS ANGELES,10137915,0,E,CI1,92.08,"(33.768164, -118.19377)"
Los Angeles,California,https://data.lacity.org/,https://data.lacity.org/,Socrata,399,restricted to type: Datasets,3,"location, circulation, visitors, cardholders, computer usage","geospatial,catalogandcirculation,patrons,technologyofferings",0.007518796992,10.22.2018,"Searches restricted to view type ""Datasets"".",1710,CA,M659,LOS ANGELES PUBLIC LIBRARY,11,4030904,4030904,1,72,0,360,360,584,944,153353374,196222,4990,456484,154011070,63969255,25846367,89815622,4789250,5779548,1305751,11874549,50710024,152400195,0,0,0,0,0,0,5922133,171493,251557,33584,390378,6139,167,0,167,6651,192842,13504301,3289031,1411764,16353158,4433335,4824917,11528241,0,4824917,16353158,1817,150,22014,7111,3543,410396,230075,49124,1494,6850133,1438931,2017,7/1/2015,6/30/2016,1,8,ME,LOS ANGELES,90071,LOS ANGELES,10137915,0,E,CI1,100,"(34.050736, -118.254807)"
Louisville,Kentucky,https://data.louisvilleky.gov/,https://data.louisvilleky.gov/,DKAN,222,restricted to Content Types: Dataset,0,,,0,,"Searches restricted to content type ""Dataset"".",1370,KY,JEFFERSON,LOUISVILLE FREE PUBLIC LIBRARY,21,763623,758481,1,17,1,67,68,193,261,17260520,311797,0,379154,17951471,9474172,3324957,12799129,1543258,573817,268104,2385179,3109634,18293942,13660525,0,375306,761591,14797422,4307353,1267153,25980,69749,8850,36192,350,38,50,88,2455,55626,3054629,1115610,363084,3686046,1501890,304508,3381538,1759868,2064376,5445914,2303,1108,11779,2285,677,320548,57993,6538,727,756924,210906,2017,7/1/2015,6/30/2016,1,5,NO,LOUISVILLE,40203,JEFFERSON,765352,0,E,CO1,100,"(38.244047, -85.757165)"
Madison,Wisconsin,https://data.cityofmadison.com/,https://data.cityofmadison.com/,ArcGIS ,149,,1,location,geospatial,0.006711409396,09.07.2017,map layer ,470,WI,WI0176,MADISON PUBLIC LIBRARY,12,266807,266807,1,8,0,46.4,46.4,134.1,180.5,16353136,270684,9867,1480969,18114656,8719730,2754491,11474221,471492,177356,357135,1005983,5634452,18114656,819494,0,0,0,819494,831437,604309,149771,71212,38430,88297,944,-1,46,46,1329,28912,2167674,196976,170420,3751298,1179285,282027,3469271,39452,321479,3790750,599322,845482,5262,2355,261,110744,70042,3993,280,769704,-1,2017,1/1/2016,12/31/2016,1,3,ME,MADISON,53703,DANE,531273,0,E,CI2,100,"(43.073745, -89.387745)"
Mesa,Arizona,http://open.mesaaz.gov/home,https://data.mesaaz.gov/,Socrata,77,restricted to type: Datasets,3,"circulation, program attendance, computer use","catalogandcirculation,eventscalendar,technologyofferings",0.03896103896,01.02.2019,"Searches restricted to view type ""Datasets"".
",1135,AZ,AE-MESA,MESA PUBLIC LIBRARY,11,467532,296349,1,3,0,22,24,52.2,76.2,6150308,22569,16000,431477,6620354,3073013,1784654,4857667,310524,227516,212629,750669,1012018,6620354,0,0,0,0,0,0,371949,169566,18946,53890,30921,1461,16,33,49,247,12088,1157394,165190,122810,3465435,1205832,502614,2962821,1386772,1889386,4852207,2410,5134,1950,1031,111,50382,39384,1350,145,247398,-1,2017,7/1/2015,6/30/2016,1,6,NO,MESA,85211,MARICOPA,4242997,0,E,CI1,100,"(33.417266, -111.829393)"
Milwaukee,Wisconsin,http://city.milwaukee.gov/mkedata#.WVXC2lGQzGg,https://data.milwaukee.gov/,CKAN,263,,0,,,0,,,,WI,WI0199,MILWAUKEE PUBLIC LIBRARY,11,595599,595599,1,12,1,75.75,75.75,231.5,307.25,22801789,1752888,103360,2051370,26709407,12785924,5715977,18501901,1238380,352648,370651,1961679,4368162,24831742,1279289,0,0,0,1279289,1279289,1903087,150606,108900,38543,93678,944,-1,46,46,1445,30866,1981987,484265,360990,2611875,898960,199094,2412781,63939,263033,2675814,278367,176163,6200,3694,128,131832,103948,2974,682,476199,271560,2017,1/1/2016,12/31/2016,1,3,ME,MILWAUKEE,53233,MILWAUKEE,951448,0,E,CI2,100,"(43.038857, -87.922372)"
Nashville,Tennessee,https://data.nashville.gov/,https://data.nashville.gov/,Socrata,77,restricted to type: Datasets,1,"locations, facilities","geospatial,facilities",0.01298701299,10.21.2016,"Searches restricted to view type ""Datasets"".",865,TN,NA001,NASHVILLE PUBLIC LIBRARY,11,678889,678889,1,21,0,83,83,276.34,359.34,30928349,133500,11577,1270831,32344257,12971440,5277474,18248914,3220365,1596904,533483,5350752,8301699,31901365,6493771,0,0,0,6493771,6493771,1731493,231264,163087,348995,200948,29291,30,77,107,1321,50648,3340704,282329,363878,4704904,1515970,912236,3792668,666292,1578528,5371196,6387,8153,11783,5259,3498,359827,234069,42720,968,674685,649562,2017,7/1/2015,6/30/2016,2,5,NO,NASHVILLE,37219,DAVIDSON,684410,0,E,CO1,100,"(36.162505, -86.781641)"
New Orleans,Louisiana,https://data.nola.gov/,https://data.nola.gov/,Socrata,111,restricted to type: Datasets,0,,,0,,"Searches restricted to view type ""Datasets"".",940,LA,FSCS4036,NEW ORLEANS PUBLIC,11,391495,389663,1,13,0,46.38,126.88,56,182.88,18178476,552871,218513,417934,19367794,7356036,3884709,11240745,1113304,633172,376154,2122630,2386898,15750273,0,0,0,0,0,1205723,561634,18529,31899,4174,52359,292,13,51,64,671,36754,1653858,899562,137070,1311446,241193,163175,1148271,1108816,1271991,2420262,5065,2149,3398,1500,575,51316,29169,4421,308,393042,180975,2017,1/1/2016,12/31/2016,1,5,NO,NEW ORLEANS,70112,ORLEANS,391495,0,E,CO1,100,"(29.954463, -90.075085)"
New York City,New York,https://opendata.cityofnewyork.us/,https://opendata.cityofnewyork.us/,Socrata,1590,restricted to type: Datasets,5,"locations, services","geospatial,facilities",0.003144654088,09.10.2018,"Searches restricted to view type ""Datasets"".",1740,NY,4801290000,"NEW YORK PUBLIC LIBRARY, THE BRANCH LIBRARIES",11,3439711,3413083,1,92,0,499.34,499.34,1709.23,2208.57,170260107,21493017,1717190,118608212,312078526,137318924,64022582,201341506,18676492,8267475,3697891,30641858,58238906,290222270,1832986,1912326,0,110262081,114007393,117797300,21935221,1788493,826360,143245,721149,158131,459,10,469,74531,236071,17420607,9141206,2128170,22665133,6298786,3877928,18787205,11606768,15484696,34271901,10139,13139,104226,43237,15311,2023590,1093716,215427,4636,2394212,3431226,2017,1/1/2016,12/31/2016,1,2,HQ,NEW YORK,10016,NEW YORK,1643734,0,E,MC1,100,"(40.751652, -73.982196)"
Newark,New Jersey,http://data.ci.newark.nj.us/,http://data.ci.newark.nj.us/,CKAN,109,,2,location,geospatial,0.01834862385,07.17.2015,geoJSON,,NJ,NEWARK,NEWARK PUBLIC LIBRARY,11,277140,256712,1,8,0,24.5,24.5,54.25,78.75,10282519,144692,0,1009128,11436339,5143048,2274097,7417145,247569,99266,25289,372124,3123456,10912725,0,0,0,0,0,0,1370102,11960,12195,8775,7204,0,38,22,60,0,17680,400841,165859,46937,146228,81210,6118,140110,6475,12593,152703,1742,521,1765,1071,149,26636,14565,2741,250,161919,-1,2017,1/1/2016,12/31/2016,1,2,ME,NEWARK,7101,ESSEX,796914,0,E,CI1,100,"(40.744431, -74.17002)"
Norfolk,Virginia,http://data-orf.opendata.arcgis.com/,https://data.norfolk.gov/,Socrata,20,restricted to type: Datasets,0,,,0,,,325,VA,VA0054,NORFOLK PUBLIC LIBRARY,12,246392,246392,1,11,1,30,30,128,158,11138692,180138,179734,43232,11541796,6375222,1738111,8113333,792817,348063,278735,1419615,1367895,10900843,0,0,0,0,0,0,591575,13483,11129,1226,46376,500,25,35,60,664,34632,1264157,67800,113594,820495,283681,63623,756872,71755,135378,892250,2106,2462,3883,2261,689,62377,38590,6588,584,505472,105850,2017,7/1/2015,6/30/2016,1,5,NO,NORFOLK,23502,NORFOLK,245115,0,E,CI1,100,"(36.861225, -76.228816)"
Oakland,California,https://data.oaklandnet.com/,https://data.oaklandnet.com/,Socrata,192,restricted to type: Datasets,1,location,geospatial,0.005208333333,03.06.2015,"Searches restricted to view type ""Datasets"".",560,CA,M677,OAKLAND PUBLIC LIBRARY,11,445796,445796,1,17,0,80.48,80.48,130.06,210.54,27340005,79045,233,294992,27714275,13092401,7080628,20173029,1049455,371713,290063,1711231,5732464,27616724,138929,0,0,0,138929,68090,926984,92581,46839,10761,90526,1120,42,0,42,2262,31666,2024399,298150,284273,2418597,1055013,165799,2252798,547719,713518,2966316,8858,15217,6961,4512,1476,205394,159662,26835,263,265351,-1,2017,7/1/2015,6/30/2016,1,8,ME,OAKLAND,94612,ALAMEDA,1647704,0,E,CI2,100,"(37.801264, -122.263491)"
Oklahoma City,Oklahoma,https://data.okc.gov,https://data.okc.gov,Custom,90,,1,location (map),geospatial,0.01111111111,07.11.2017,,705,OK,3,METROPOLITAN LIBRARY SYSTEM,11,776864,774781,1,18,0,96,199.16,183.06,382.22,34197886,281827,0,1408905,35888618,16847435,6368123,23215558,2637903,1280849,1138900,5057652,7743193,36016403,0,0,0,0,0,1879650,1394253,301930,153673,21616,162733,0,98,31,129,50916,60918,2845273,318240,358748,5871623,820519,1202439,4669184,0,1202439,5871623,8811,9095,4298,2823,470,92017,74581,5093,330,823583,1764399,2017,7/1/2015,6/30/2016,1,6,HQ,OKLAHOMA CITY,73102,OKLAHOMA,782970,0,E,CO1,100,"(35.468824, -97.518682)"
Orlando,Florida,https://data.cityoforlando.net/,https://data.cityoforlando.net/,Socrata,7,restricted to type: Datasets,0,,,0,,,,FL,FSCS5060,ORANGE COUNTY LIBRARY DISTRICT,11,1206422,1200430,1,15,0,41,71,263,334,34094881,953268,71610,1898121,37017880,15097717,5522285,20620002,1682889,2237176,816722,4736787,12492913,37849702,19307,0,0,0,19307,590967,1227448,353981,67539,76709,313857,14253,34,68,102,1085,48932,3942543,1403352,427049,12096214,3024053,3858430,9053828,-1,-1,12912258,8620,9425,30313,7587,883,443171,221961,12889,480,785092,313741,2017,10/1/2015,9/30/2016,2,5,NO,ORLANDO,32801,ORANGE,1314367,0,E,CO2,100,"(28.542178, -81.376621)"
Philadelphia,Pennsylvania,http://www.phila.gov/data/,http://www.phila.gov/data/,CKAN,221,,0,,,0,,,1595,PA,926510006,FREE LIBRARY OF PHILADELPHIA,11,1526006,1526006,1,51,0,210,210,451,661,3322900,7802758,275652,3947900,15349210,37462602,33379373,70841975,3151649,1353757,631579,5136985,16026527,92005487,0,0,0,0,0,3322900,2448761,257754,33515,14273,199489,193,124,22,146,2047,120319,5926481,2918832,657028,6859439,945037,1094734,5764705,144977,1239711,7004416,5646,7524,29681,15393,1165,685639,427207,46580,941,1087094,377272,2017,1/1/2016,12/31/2016,1,2,NO,PHILADELPHIA,19103,PHILADELPHIA,1567872,0,E,CO1,100,"(39.959128, -75.170328)"
Plano,Texas,https://dashboard.plano.gov/,https://dashboard.plano.gov/browse,Socrata,48,restricted to type: Datasets,1,library services,facilities,0.02083333333,12.26.2018,"Searches restricted to view type ""Datasets"".",,TX,311,PLANO PUBLIC LIBRARY SYSTEM,11,283558,282908,1,4,0,43.5,43.5,104.75,148.25,10827116,0,0,87739,10914855,6755522,2723917,9479439,782014,269624,274408,1326046,10623,10816108,0,0,0,0,0,0,663088,22648,45143,7484,54485,0,18,61,79,673,17199,1649899,114896,181131,4754343,2592978,297125,4457218,-1,297125,4754343,6406,1527,3446,2613,110,137399,129064,921,196,232077,41901,2017,10/1/2015,9/30/2016,1,6,ME,PLANO,75075,COLLIN,939585,0,E,CO2,100,"(33.032041, -96.770174)"
Raleigh,North Carolina,https://data.raleighnc.gov/,https://data.raleighnc.gov/,ArcGIS,150,,1,location,geospatial,0.006666666667,12.14.2018,,990,NC,C-WAKE,WAKE COUNTY PUBLIC LIBRARIES,11,1007631,1006284,0,21,0,124,125,114,239,19843646,580320,0,0,20423966,10563985,3383977,13947962,2123896,200000,0,2323896,3771788,20043646,8987000,0,0,0,8987000,8987000,1322222,60798,29856,14082,0,0,7,74,81,1207,60480,3385289,417465,409167,10335691,6243695,846870,9488821,551642,1398512,10887333,1191,20887,9236,7775,533,337083,303976,14478,473,628335,-1,2017,7/1/2015,6/30/2016,1,5,NO,RALEIGH,27610,WAKE,1046791,0,E,CO1,100,"(35.768283, -78.568718)"
Riverside,California,http://riversideca.gov/transparency/data/,http://riversideca.gov/transparency/data/,Custom,11,,1,location,geospatial,0.09090909091,05.09.2017,,,CA,M699,RIVERSIDE PUBLIC LIBRARY,11,324696,324696,1,7,0,7,8,58.15,66.15,5694546,24074,0,387163,6105783,3066351,1352460,4418811,144281,87833,15310,247424,1556985,6223220,0,0,0,0,0,0,382306,56858,8896,220,36109,0,17,0,17,128,20202,893023,232619,277808,970870,549806,12776,958094,-1,12776,970870,0,87,1553,890,270,55517,52160,2470,308,273694,-1,2017,7/1/2015,6/30/2016,1,8,ME,RIVERSIDE,92502,RIVERSIDE,2387741,0,E,CI1,100,"(33.982279, -117.372315)"
Sacramento,California,http://data.cityofsacramento.org/,http://data.cityofsacramento.org/,ArcGIS,92,,0,,,0,,,1385,CA,M701,SACRAMENTO PUBLIC LIBRARY,11,1418051,1418051,1,27,2,77.5,88.5,197.5,286,35795649,76304,626496,3656164,40154613,18510314,4537332,23047646,2244464,1936340,399285,4580089,8929290,36557025,0,0,0,0,0,1038121,976513,86415,43536,16807,81403,1947,41,0,41,1830,52018,4252802,165600,651636,7480731,2903894,778071,6702660,415097,1193168,7895828,147616,108088,7958,4639,898,207322,162290,13427,755,611940,465960,2017,7/1/2015,6/30/2016,1,8,ME,SACRAMENTO,95814,SACRAMENTO,1514460,0,E,CO2,100,"(38.581894, -121.494958)"
San Francisco,California,https://datasf.org/opendata/,https://datasf.org/opendata/,Socrata,324,restricted to type: Datasets,1,"patron, circulation","patrons,catalogandcirculation",0.003086419753,12.22.2016,"Searches restricted to view type ""Datasets"".",1845,CA,M710,SAN FRANCISCO PUBLIC LIBRARY,11,866583,866583,1,27,4,213,219,489,708,120825707,74029,0,1091902,121991638,48721840,26799090,75520930,6014275,4700253,2313265,13027793,23926262,112474985,69653,0,0,5863,75516,1111417,2618747,159602,96791,219497,247119,43934,217,0,217,6505,70360,6362573,714790,429633,10677967,3002182,1869803,8808164,7528590,9398393,18206557,60049,40411,18170,11076,2695,505716,405880,31253,867,1093316,2100210,2017,7/1/2015,6/30/2016,1,8,ME,SAN FRANCISCO,94102,SAN FRANCISCO,870887,0,E,CO1,100,"(37.779047, -122.416627)"
San Jose,California,http://data.sanjoseca.gov/home,http://data.sanjoseca.gov/,Kaggle,41,,0,,,0,,Data available behind log-in,920,CA,M711,SAN JOSE PUBLIC LIBRARY,11,1042094,1042094,1,23,0,91,93,261.29,354.29,36913662,110989,61015,1614928,38700594,19630562,9810403,29440965,3714778,1374596,965843,6055217,3856781,39352963,29800314,0,0,0,29800314,27164217,1924050,131875,109367,35678,199295,10017,67,0,67,2647,56258,6855000,550000,517090,9730584,4652743,570938,9159646,363354,934292,10093938,24008,19498,16600,10850,865,395400,317984,13050,1265,1239519,723840,2017,7/1/2015,6/30/2016,1,8,ME,SAN JOSE,95112,SANTA CLARA,1919402,0,E,CI1,100,"(37.336132, -121.885267)"
Santa Monica,California,https://data.smgov.net/,https://data.smgov.net/,Socrata,33,,1,patrons by zipcode,patrons,0.0303030303,08.29.2014,"Searches restricted to view type ""Datasets"".",1560,CA,M726,SANTA MONICA PUBLIC LIBRARY,13,93640,93640,1,4,0,41.38,41.38,69.62,111,11928118,0,30000,498900,12457018,6888097,2595185,9483282,643620,302362,196826,1142808,1294330,11920420,745000,0,0,0,745000,598281,373754,10785,24329,15976,40691,7070,26,0,26,656,10806,1184130,151654,63586,1470389,411938,101886,1368503,50387,152273,1520776,2252,137,1994,1163,171,65803,42320,2483,160,164318,63778,2017,7/1/2015,6/30/2016,1,8,ME,SANTA MONICA,90406,LOS ANGELES,10137915,0,E,CI1,100,"(34.018043, -118.493252)"
Seattle,Washington,https://data.seattle.gov/,https://data.seattle.gov/,Socrata,267,restricted to type: Datasets,3,"circulation, collection, data dictionary",catalogandcirculation,0.01123595506,01.06.2019,"Searches restricted to view type ""Datasets"".",1410,WA,WA0064,SEATTLE PUBLIC LIBRARY,11,686800,686800,1,26,4,139.46,139.46,453.48,592.94,65518211,0,0,7723352,73241563,37920410,16918703,54839113,3551557,3706724,1375093,8633374,9202919,72675406,4527000,0,0,0,4527000,4101985,1543422,263084,128452,54264,157157,70391,86,14,100,3890,67819,5481047,352534,378222,10842369,2915364,2169036,8673333,1196774,3365810,12039143,9885,2471,10210,5536,946,330808,192697,22638,605,1008492,1816093,2017,1/1/2016,12/31/2016,1,8,NO,SEATTLE,98104,KING,2149970,0,E,CI1,100,"(47.606211, -122.332978)"
St. Paul,Minnesota,https://information.stpaul.gov/,https://information.stpaul.gov/,Socrata,20,restricted to type: Datasets,0,,,0,,"Searches restricted to view type ""Datasets"".",,MN,M0800,SAINT PAUL PUBLIC LIBRARY,11,285068,269203,1,12,1,31,31,142.7,173.7,16663463,310696,0,1966760,18940919,8967273,3312163,12279436,586772,446029,260141,1292942,4876689,18449067,18369,0,0,199479,217848,217848,777789,114675,51601,10424,99629,0,29,49,78,975,35120,2226416,301013,360047,2702986,1076083,318889,2384097,397868,716757,3100854,28280,17576,7682,4432,905,149245,102866,15216,411,312360,-1,2017,1/1/2016,12/31/2016,1,4,ME,SAINT PAUL,55102,RAMSEY,540649,0,E,CI1,100,"(44.941299, -93.118838)"
Tampa,Florida,http://city-tampa.opendata.arcgis.com/,http://city-tampa.opendata.arcgis.com/,ArcGIS,93,,1,location,geospatial,0.01075268817,03.05.2018,,,FL,FL0035,HILLSBOROUGH COUNTY PUBLIC LIBRARY COOPERATIVE,11,1387840,1380947,0,28,2,138.18,138.18,224.73,362.91,39635838,1144126,0,1613029,42392993,15291277,5490941,20782218,2032102,2455116,468131,4955349,10365687,36103254,548817,0,0,0,548817,449129,1742973,214532,122276,46129,289225,33692,76,68,144,2393,76810,4404315,775553,680282,8931559,2984038,3446794,5484765,-1,-1,8931559,2307,2990,14974,6602,1625,299690,208340,24237,1640,782202,753777,2017,10/1/2015,9/30/2016,1,5,ME,TAMPA,33602,HILLSBOROUGH,1376238,0,E,CO1,100,"(27.951199, -82.461648)"
Tempe,Arizona,https://data.tempe.gov/,https://data.tempe.gov/,CKAN,107,,0,,,0,,,,AZ,AE-TEMPE,TEMPE PUBLIC LIBRARY,12,176584,111929,1,0,0,15.28,15.28,20.24,35.52,3572632,8398,7500,141904,3730434,1674227,578983,2253210,93664,227987,25271,346922,972500,3572632,0,0,0,0,0,0,207079,15773,10098,3929,11844,167,13,33,46,177,2912,692886,31118,124736,837833,281317,128805,709028,605369,734174,1443202,579,607,1390,332,68,37826,25965,1434,140,148023,-1,2017,7/1/2015,6/30/2016,1,6,NO,TEMPE,85282,MARICOPA,4242997,0,E,CI2,100,"(33.391177, -111.926403)"
Virginia Beach,Virginia,"https://data.vbgov.com/
 http://gis.data.vbgov.com/","https://data.vbgov.com/
",Socrata,30,restricted to type: Datasets,0,,,0,,"Searches restricted to view type ""Datasets"".",1370,VA,VA0082,VIRGINIA BEACH PUBLIC LIBRARY,11,449628,449628,1,9,1,42,42,250,292,23071752,215065,35861,25357,23348035,9944189,3477538,13421727,886288,830198,450007,2166493,6508991,22097211,0,0,0,0,0,0,550914,26010,68939,9396,54613,1463,84,35,119,1013,28148,2002625,288237,365276,3176634,548395,398680,2777954,987901,1386581,4164535,3294,421,7335,5130,441,167811,153481,9261,275,420715,288176,2017,7/1/2015,6/30/2016,2,5,NO,VIRGINIA BEACH,23456,VIRGINIA BEACH,452602,0,E,CI1,100,"(36.750576, -76.055538)"
Washington,DC,http://opendata.dc.gov/,http://opendata.dc.gov/,ArcGIS,1161,,1,location,geospatial,0.0008613264427,05.11.2018,,1360,DC,DCPL,DISTRICT OF COLUMBIA PUBLIC LIBRARY,11,681170,681170,1,25,0,153,153,381.9,534.9,55074028,0,924058,1159803,57157889,34153855,7934292,42088147,2137334,1201015,333589,3671938,10716435,56476520,21095000,0,0,0,21095000,18699010,1862550,244210,30262,21187,153017,903,133,0,133,2702,83044,3930763,807100,406801,4439827,1512196,1151684,3288143,-1,1151684,4439827,0,154,13949,8038,1204,317699,259633,9282,1000,981495,393468,2017,10/1/2015,9/30/2016,2,2,NO,WASHINGTON,20001,DIST OF COLUMBIA,681170,0,E,CI1,92.43,"(38.898412, -77.024069)"
Wichita,Kansas,http://opendata.wichita.gov/,http://opendata.wichita.gov/,ArcGIS,71,,0,,,0,,,,KS,KS0319,WICHITA PUBLIC LIBRARY,11,389965,389965,1,7,0,29,30,76,106,8447082,385130,263,294385,9126860,4775218,1604126,6379344,555616,170887,182125,908628,1385115,8673087,0,0,0,0,0,0,573200,91873,43394,23137,56601,0,0,64,64,744,20362,967166,136903,142314,2107855,637983,124213,1983642,0,124213,2107855,14164,6406,2589,1542,104,66915,52655,4438,88,123686,51409,2017,1/1/2016,12/31/2016,1,4,ME,WICHITA,67202,SEDGWICK,511995,0,E,CI1,100,"(37.684391, -97.338206)"